<?xml version="1.0" encoding="UTF-8"?>
<project-private xmlns="http://www.netbeans.org/ns/project-private/1">
    <editor-bookmarks xmlns="http://www.netbeans.org/ns/editor-bookmarks/2" lastBookmarkId="0"/>
    <open-files xmlns="http://www.netbeans.org/ns/projectui-open-files/2">
        <group>
            <file>file:/C:/Users/hoang/OneDrive/Documents/NetBeansProjects/BTL_NHOM_10/src/Entities/HoaDon.java</file>
            <file>file:/C:/Users/hoang/OneDrive/Documents/NetBeansProjects/BTL_NHOM_10/src/Run/Run.java</file>
            <file>file:/C:/Users/hoang/OneDrive/Documents/NetBeansProjects/BTL_NHOM_10/src/GUI/ThemSachVaoGioHangUI.java</file>
            <file>file:/C:/Users/hoang/OneDrive/Documents/NetBeansProjects/BTL_NHOM_10/src/GUI/DangNhapUI.java</file>
            <file>file:/C:/Users/hoang/OneDrive/Documents/NetBeansProjects/BTL_NHOM_10/src/GUI/ThongTinUserUI.java</file>
            <file>file:/C:/Users/hoang/OneDrive/Documents/NetBeansProjects/BTL_NHOM_10/src/Entities/Sach.java</file>
            <file>file:/C:/Users/hoang/OneDrive/Documents/NetBeansProjects/BTL_NHOM_10/src/BLL/TaiKhoanBLL.java</file>
            <file>file:/C:/Users/hoang/OneDrive/Documents/NetBeansProjects/BTL_NHOM_10/src/GUI/AdminUI.java</file>
            <file>file:/C:/Users/hoang/OneDrive/Documents/NetBeansProjects/BTL_NHOM_10/src/Entities/NhaXuatBan.java</file>
            <file>file:/C:/Users/hoang/OneDrive/Documents/NetBeansProjects/BTL_NHOM_10/src/DAL/TaiKhoanDAL.java</file>
            <file>file:/C:/Users/hoang/OneDrive/Documents/NetBeansProjects/BTL_NHOM_10/src/GUI/ThongTinThanhToanUI.java</file>
            <file>file:/C:/Users/hoang/OneDrive/Documents/NetBeansProjects/BTL_NHOM_10/src/Tools/Ghi_List_Vao_File.java</file>
            <file>file:/C:/Users/hoang/OneDrive/Documents/NetBeansProjects/BTL_NHOM_10/src/GUI/ThemSachVaoGioHangUITest.java</file>
            <file>file:/C:/Users/hoang/OneDrive/Documents/NetBeansProjects/BTL_NHOM_10/src/Tools/Doc_List_Tu_File.java</file>
            <file>file:/C:/Users/hoang/OneDrive/Documents/NetBeansProjects/BTL_NHOM_10/src/Entities/TaiKhoan.java</file>
        </group>
    </open-files>
</project-private>
